Unique ID	Parent ID	Name	Tier 1	Tier 2	Tier 3
	1000	Adult Content	Adult Content		
1001		Alcohol	Alcohol		
1002	1001	Bars	Alcohol	Bars	
1003	1001	Beer	Alcohol	Beer	
1004	1001	Hard Sodas, Seltzers, Alco Pops	Alcohol	Hard Sodas, Seltzers, Alco Pops	
1005	1001	Spirits	Alcohol	Spirits	
1006	1001	Wine	Alcohol	Wine	
1007		Culture and Fine Arts	Culture and Fine Arts		
1008	1007	Museums and Galleries	Culture and Fine Arts	Museums and Galleries	
1009		Business and Industrial	Business and Industrial		
1010	1009	Advertising and Marketing	Business and Industrial	Advertising and Marketing	
1011	1009	Business Services	Business and Industrial	Business Services	
1012	1011	Consulting	Business and Industrial	Business Services	Consulting
1013	1011	Employee Expense and Time Tracking Services	Business and Industrial	Business Services	Employee Expense and Time Tracking Services
1014	1011	Human Resources and Recruiting	Business and Industrial	Business Services	Human Resources and Recruiting
1015	1011	Information Technology Services	Business and Industrial	Business Services	Information Technology Services
1016	1011	Laundry and Dry Cleaning Services	Business and Industrial	Business Services	Laundry and Dry Cleaning Services
1017	1011	Logistics and Delivery	Business and Industrial	Business Services	Logistics and Delivery
1018	1011	Office Equipment and Supplies	Business and Industrial	Business Services	Office Equipment and Supplies
1019	1011	Photographers	Business and Industrial	Business Services	Photographers
1020	1011	Printing/Fax/WiFi Services	Business and Industrial	Business Services	Printing/Fax/WiFi Services
1021	1011	Public Relations and Strategic Communication	Business and Industrial	Business Services	Public Relations and Strategic Communication
1022	1011	Security & Protection	Business and Industrial	Business Services	Security & Protection
1023	1011	Storage Facilities	Business and Industrial	Business Services	Storage Facilities
1024	1011	Telecom Services	Business and Industrial	Business Services	Telecom Services
1025	1011	Web Hosting and Cloud Computing	Business and Industrial	Business Services	Web Hosting and Cloud Computing
1026	1009	Construction	Business and Industrial	Construction	
1027	1009	Energy Industry	Business and Industrial	Energy Industry	
1028	1027	Electric Power Industry	Business and Industrial	Energy Industry	Electric Power Industry
1029	1027	Energy Services	Business and Industrial	Energy Industry	Energy Services
1030	1027	Green Energy	Business and Industrial	Energy Industry	Green Energy
1031	1027	Oil, Gas and Consumable Fuels	Business and Industrial	Energy Industry	Oil, Gas and Consumable Fuels
1032	1009	Forestry and Logging	Business and Industrial	Forestry and Logging	
1033	1009	Industrial Storage	Business and Industrial	Industrial Storage	
1034	1009	Industrials	Business and Industrial	Industrials	
1035	1034	Aerospace and Defense	Business and Industrial	Industrials	Aerospace and Defense
1036	1034	Construction and Engineering	Business and Industrial	Industrials	Construction and Engineering
1037	1034	Industrial Conglomerates	Business and Industrial	Industrials	Industrial Conglomerates
1038	1034	Trading Companies and Distributors	Business and Industrial	Industrials	Trading Companies and Distributors
1039	1034	Transportation	Business and Industrial	Industrials	Transportation
1040	1009	Manufacturing	Business and Industrial	Manufacturing	
1041	1009	Medical and Biotechnology	Business and Industrial	Medical and Biotechnology	
1042	1009	Mining and Quarrying	Business and Industrial	Mining and Quarrying	
1043	1009	Science and Laboratory	Business and Industrial	Science and Laboratory	
1044	1009	Signage	Business and Industrial	Signage	
1045	1009	Small Business	Business and Industrial	Small Business	
1046	1009	Waste Disposal and Recycling	Business and Industrial	Waste Disposal and Recycling	
1047		Cannabis	Cannabis		
1048	1047	Cannabis Consumables	Cannabis	Cannabis Consumables	
1049	1048	Cannabis Drinks	Cannabis	Cannabis Consumables	Cannabis Drinks
1050	1048	Cannabis Edibles	Cannabis	Cannabis Consumables	Cannabis Edibles
1051	1047	Cannabis Equipment	Cannabis	Cannabis Equipment	
1052	1047	Cannabis Stores	Cannabis	Cannabis Stores	
1053	1047	Cannabis Stocks	Cannabis	Cannabis Stocks	
1054	1047	CBD Consumables	Cannabis	CBD Consumables	
1055	1047	CBD Topicals	Cannabis	CBD Topicals	
1056		Clothing and Accessories	Clothing and Accessories		
1057	1056	Clothing	Clothing and Accessories	Clothing	
1058	1057	Children's Clothing	Clothing and Accessories	Clothing	Children's Clothing
1059	1057	Maternity Clothing	Clothing and Accessories	Clothing	Maternity Clothing
1060	1057	Men's Clothing	Clothing and Accessories	Clothing	Men's Clothing
1061	1057	Sportswear	Clothing and Accessories	Clothing	Sportswear
1062	1057	Underwear and Lingerie	Clothing and Accessories	Clothing	Underwear and Lingerie
1063	1057	Wedding Dresses/Bridal Wear/Tuxedos	Clothing and Accessories	Clothing	Wedding Dresses/Bridal Wear/Tuxedos
1064	1057	Women's Clothing	Clothing and Accessories	Clothing	Women's Clothing
1065	1056	Clothing Accessories	Clothing and Accessories	Clothing Accessories	
1066	1056	Costumes and Accessories	Clothing and Accessories	Costumes and Accessories	
1067	1056	Footwear	Clothing and Accessories	Footwear	
1068	1056	Footwear Accessories	Clothing and Accessories	Footwear Accessories	
1069	1056	Handbags and Wallets	Clothing and Accessories	Handbags and Wallets	
1070	1056	Jewelry and Watches	Clothing and Accessories	Jewelry and Watches	
1071	1056	Sunglasses	Clothing and Accessories	Sunglasses	
1072		Collectables and Antiques	Collectables and Antiques		
1073	1072	Antiques	Collectables and Antiques	Antiques	
1074	1072	Coins and Paper Money	Collectables and Antiques	Coins and Paper Money	
1075	1072	Collectibles	Collectables and Antiques	Collectibles	
1076	1072	Entertainment Memorabilia	Collectables and Antiques	Entertainment Memorabilia	
1077	1072	Sports Memorabilia and Trading Cards	Collectables and Antiques	Sports Memorabilia and Trading Cards	
1078	1072	Stamps	Collectables and Antiques	Stamps	
1079		Computer Software	Computer Software		
1080	1079	Enterprise Computer Software	Computer Software	Enterprise Computer Software	
1081	1079	Personal Computer Software	Computer Software	Personal Computer Software	
1082		Cosmetic Services	Cosmetic Services		
1083	1082	Beauty Salons	Cosmetic Services	Beauty Salons	
1084	1082	Hair Salons	Cosmetic Services	Hair Salons	
1085	1082	Hair Removal	Cosmetic Services	Hair Removal	
1086	1082	Hair Restoration	Cosmetic Services	Hair Restoration	
1087	1082	Nail Salons	Cosmetic Services	Nail Salons	
1088	1082	Med Spas	Cosmetic Services	Med Spas	
1089	1082	Piercing and Tattooing	Cosmetic Services	Piercing and Tattooing	
1090	1082	Tanning Salons	Cosmetic Services	Tanning Salons	
1091		Consumer Electronics	Consumer Electronics		
1092	1091	Arcade Equipment	Consumer Electronics	Arcade Equipment	
1093	1091	Camcorders	Consumer Electronics	Camcorders	
1094	1091	Cameras and Photo	Consumer Electronics	Cameras and Photo	
1095	1094	Camera and Photo Accessories	Consumer Electronics	Cameras and Photo	Camera and Photo Accessories
1096	1094	Cameras	Consumer Electronics	Cameras and Photo	Cameras
1097	1094	Photo Applications	Consumer Electronics	Cameras and Photo	Photo Applications
1098	1091	Circuit Boards and Components	Consumer Electronics	Circuit Boards and Components	
1099	1091	Communications Electronics	Consumer Electronics	Communications Electronics	
1100	1091	Computers	Consumer Electronics	Computers	
1101	1100	Laptops	Consumer Electronics	Computers	Laptops
1102	1100	Desktops	Consumer Electronics	Computers	Desktops
1103	1091	E-Readers	Consumer Electronics	E-Readers	
1104	1091	Electronics Accessories	Consumer Electronics	Electronics Accessories	
1105	1091	Headphones	Consumer Electronics	Headphones	
1106	1091	Home Theater Systems	Consumer Electronics	Home Theater Systems	
1107	1091	Marine Electronics	Consumer Electronics	Marine Electronics	
1108	1091	Mobile Phones and Accessories	Consumer Electronics	Mobile Phones and Accessories	
1109	1091	Networking	Consumer Electronics	Networking	
1110	1091	Printers/Copiers/Scanners/Fax	Consumer Electronics	Printers/Copiers/Scanners/Fax	
1111	1091	Security Devices	Consumer Electronics	Security Devices	
1112	1091	Tablets	Consumer Electronics	Tablets	
1113	1091	Televisions	Consumer Electronics	Televisions	
1114	1091	Video Games and Consoles	Consumer Electronics	Video Games	
1115	1091	Video Games and Consoles	Consumer Electronics	Video Game Consoles	
1116	1091	Video Game Console Accessories	Consumer Electronics	Video Game Console Accessories	
1117		Consumer Packaged Goods	Consumer Packaged Goods		
1118	1117	Baby and Toddler Products	Consumer Packaged Goods	Baby and Toddler Products	
1119	1118	Diapers	Consumer Packaged Goods	Baby and Toddler Products	Diapers
1120	1118	Nursing and Feeding Products	Consumer Packaged Goods	Baby and Toddler Products	Nursing and Feeding Products
1121	1117	Back to School Supplies	Consumer Packaged Goods	Back to School Supplies	
1122	1117	Barbeque	Consumer Packaged Goods	Barbeque	
1123	1122	Charcoal	Consumer Packaged Goods	Barbeque	Charcoal
1124	1122	Charcoal Lighter Fluids	Consumer Packaged Goods	Barbeque	Charcoal Lighter Fluids
1125	1117	Beverages	Consumer Packaged Goods	Beverages	
1126	1125	Carbonated Soft Drinks	Consumer Packaged Goods	Beverages	Carbonated Soft Drinks
1127	1125	Coffee & Tea	Consumer Packaged Goods	Beverages	Coffee & Tea
1128	1125	Drink Mixes	Consumer Packaged Goods	Beverages	Drink Mixes
1129	1125	Juices	Consumer Packaged Goods	Beverages	Juices
1130	1125	Sports/Energy Drinks	Consumer Packaged Goods	Beverages	Sports/Energy Drinks
1131	1125	Water	Consumer Packaged Goods	Beverages	Water
1132	1117	Cosmetics	Consumer Packaged Goods	Cosmetics	
1133	1132	Cosmetics Accessories	Consumer Packaged Goods	Cosmetics	Cosmetics Accessories
1134	1132	Cosmetics-Nail	Consumer Packaged Goods	Cosmetics	Cosmetics-Nail
1135	1132	Eye	Consumer Packaged Goods	Cosmetics	Eye
1136	1132	Facial	Consumer Packaged Goods	Cosmetics	Facial
1137	1132	Lip	Consumer Packaged Goods	Cosmetics	Lip
1138	1132	Storage	Consumer Packaged Goods	Cosmetics	Storage
1139	1117	Disposable Tableware	Consumer Packaged Goods	Disposable Tableware	
1140	1139	Cups & Plates	Consumer Packaged Goods	Disposable Tableware	Cups & Plates
1141	1139	Disposable Tableware	Consumer Packaged Goods	Disposable Tableware	Disposable Tableware
1142	1117	Foils, Wraps, & Bags	Consumer Packaged Goods	Foils, Wraps, & Bags	
1143	1142	Foil Pans	Consumer Packaged Goods	Foils, Wraps, & Bags	Foil Pans
1144	1142	Foils & Wraps	Consumer Packaged Goods	Foils, Wraps, & Bags	Foils & Wraps
1145	1142	Food & Trash Bags	Consumer Packaged Goods	Foils, Wraps, & Bags	Food & Trash Bags
1146	1117	Fragrance	Consumer Packaged Goods	Fragrance	
1147	1146	Fragrances - Women's	Consumer Packaged Goods	Fragrance	Fragrances - Women's
1148	1146	Shaving Lotion/Men's Fragrance	Consumer Packaged Goods	Fragrance	Shaving Lotion/Men's Fragrance
1149	1117	Frozen	Consumer Packaged Goods	Frozen	
1150	1149	Frozen Baked Goods	Consumer Packaged Goods	Frozen	Frozen Baked Goods
1151	1149	Frozen Beverages	Consumer Packaged Goods	Frozen	Frozen Beverages
1152	1149	Frozen Desserts	Consumer Packaged Goods	Frozen	Frozen Desserts
1153	1149	Frozen Fruits & Vegetables	Consumer Packaged Goods	Frozen	Frozen Fruits & Vegetables
1154	1149	Frozen Juices	Consumer Packaged Goods	Frozen	Frozen Juices
1155	1149	Frozen Meals	Consumer Packaged Goods	Frozen	Frozen Meals
1156	1149	Frozen Meat/Poultry/Seafood	Consumer Packaged Goods	Frozen	Frozen Meat/Poultry/Seafood
1157	1149	Frozen Snacks	Consumer Packaged Goods	Frozen	Frozen Snacks
1158	1149	Other Frozen	Consumer Packaged Goods	Frozen	Other Frozen
1159	1117	General Food	Consumer Packaged Goods	General Food	
1160	1159	Baby Food	Consumer Packaged Goods	General Food	Baby Food
1161	1159	Bakery	Consumer Packaged Goods	General Food	Bakery
1162	1159	Baking	Consumer Packaged Goods	General Food	Baking
1163	1159	Breakfast	Consumer Packaged Goods	General Food	Breakfast
1164	1159	Candy	Consumer Packaged Goods	General Food	Candy
1165	1159	Condiments & Sauces	Consumer Packaged Goods	General Food	Condiments & Sauces
1166	1159	Cookies & Crackers	Consumer Packaged Goods	General Food	Cookies & Crackers
1167	1159	Fruit	Consumer Packaged Goods	General Food	Fruit
1168	1159	Meals	Consumer Packaged Goods	General Food	Meals
1169	1159	Snacks	Consumer Packaged Goods	General Food	Snacks
1170	1159	Vegetables	Consumer Packaged Goods	General Food	Vegetables
1171	1117	General Merchandise	Consumer Packaged Goods	General Merchandise	
1172	1117	Grooming Supplies	Consumer Packaged Goods	Grooming Supplies	
1173	1117	Hair Care	Consumer Packaged Goods	Hair Care	
1174	1173	Hair Accessories	Consumer Packaged Goods	Hair Care	Hair Accessories
1175	1173	Hair Coloring	Consumer Packaged Goods	Hair Care	Hair Coloring
1176	1173	Hair Conditioner	Consumer Packaged Goods	Hair Care	Hair Conditioner
1177	1173	Hair Growth Products	Consumer Packaged Goods	Hair Care	Hair Growth Products
1178	1173	Hair Spray/Spritz	Consumer Packaged Goods	Hair Care	Hair Spray/Spritz
1179	1173	Hair Styling Gel/Mousse	Consumer Packaged Goods	Hair Care	Hair Styling Gel/Mousse
1180	1173	Home Permanent/Relaxer Kits	Consumer Packaged Goods	Hair Care	Home Permanent/Relaxer Kits
1181	1173	Shampoo	Consumer Packaged Goods	Hair Care	Shampoo
1182	1117	HFSS Products [High Fat, Sugar, Salt]	Consumer Packaged Goods	HFSS Products [High Fat, Sugar, Salt]	
1183	1117	Home Care	Consumer Packaged Goods	Home Care	
1184	1183	Household Cleaning	Consumer Packaged Goods	Home Care	Household Cleaning
1185	1183	Laundry	Consumer Packaged Goods	Home Care	Laundry
1186	1117	Hosiery	Consumer Packaged Goods	Hosiery	
1187	1186	Pantyhose/Nylons	Consumer Packaged Goods	Hosiery	Pantyhose/Nylons
1188	1186	Socks	Consumer Packaged Goods	Hosiery	Socks
1189	1186	Tights	Consumer Packaged Goods	Hosiery	Tights
1190	1117	Household/Plastics/Storage	Consumer Packaged Goods	Household/Plastics/Storage	
1191	1190	Bottles	Consumer Packaged Goods	Household/Plastics/Storage	Bottles
1192	1190	Drinkware	Consumer Packaged Goods	Household/Plastics/Storage	Drinkware
1193	1190	Household Plastics	Consumer Packaged Goods	Household/Plastics/Storage	Household Plastics
1194	1190	Kitchen Storage	Consumer Packaged Goods	Household/Plastics/Storage	Kitchen Storage
1195	1117	Meal Kits	Consumer Packaged Goods	Meal Kits	
1196	1117	Miscellaneous General Merch	Consumer Packaged Goods	Miscellaneous General Merch	
1197	1117	Office/School Supplies	Consumer Packaged Goods	Office/School Supplies	
1198	1197	Children's Art Supplies	Consumer Packaged Goods	Office/School Supplies	Children's Art Supplies
1199	1197	Computer Disks Frmtd/UnFrmtd	Consumer Packaged Goods	Office/School Supplies	Computer Disks Frmtd/UnFrmtd
1200	1197	Office Products	Consumer Packaged Goods	Office/School Supplies	Office Products
1201	1197	Writing Instruments	Consumer Packaged Goods	Office/School Supplies	Writing Instruments
1202	1117	Over the Counter Medication	Consumer Packaged Goods	Over the Counter Medication	
1203	1117	Paper Products	Consumer Packaged Goods	Paper Products	
1204	1203	Facial Tissue	Consumer Packaged Goods	Paper Products	Facial Tissue
1205	1203	Paper Napkins	Consumer Packaged Goods	Paper Products	Paper Napkins
1206	1203	Paper Towels	Consumer Packaged Goods	Paper Products	Paper Towels
1207	1203	Toilet Tissue	Consumer Packaged Goods	Paper Products	Toilet Tissue
1208	1117	Personal Cleansing	Consumer Packaged Goods	Personal Cleansing	
1209	1208	Bath Products	Consumer Packaged Goods	Personal Cleansing	Bath Products
1210	1208	Bath/Body Scrubbers/Massagers	Consumer Packaged Goods	Personal Cleansing	Bath/Body Scrubbers/Massagers
1211	1208	Deodorant	Consumer Packaged Goods	Personal Cleansing	Deodorant
1212	1208	Moist Towelettes	Consumer Packaged Goods	Personal Cleansing	Moist Towelettes
1213	1208	Soap	Consumer Packaged Goods	Personal Cleansing	Soap
1214	1117	Pest Control	Consumer Packaged Goods	Pest Control	
1215	1214	Outdoor Insect/Rodent Control Chem	Consumer Packaged Goods	Pest Control	Outdoor Insect/Rodent Control Chem
1216	1214	Pest Control	Consumer Packaged Goods	Pest Control	Pest Control
1217	1117	Pet Care	Consumer Packaged Goods	Pet Care	
1218	1217	Cat/Dog Litter	Consumer Packaged Goods	Pet Care	Cat/Dog Litter
1219	1217	Pet Food	Consumer Packaged Goods	Pet Care	Pet Food
1220	1217	Pet Supplies	Consumer Packaged Goods	Pet Care	Pet Supplies
1221	1217	Pet Treats	Consumer Packaged Goods	Pet Care	Pet Treats
1222	1117	Refrigerated	Consumer Packaged Goods	Refrigerated	
1223	1222	Dairy	Consumer Packaged Goods	Refrigerated	Dairy
1224	1222	Refrigerated Baked Goods	Consumer Packaged Goods	Refrigerated	Refrigerated Baked Goods
1225	1222	Refrigerated Beverages	Consumer Packaged Goods	Refrigerated	Refrigerated Beverages
1226	1222	Refrigerated Condiments	Consumer Packaged Goods	Refrigerated	Refrigerated Condiments
1227	1222	Refrigerated Desserts	Consumer Packaged Goods	Refrigerated	Refrigerated Desserts
1228	1222	Refrigerated Dough	Consumer Packaged Goods	Refrigerated	Refrigerated Dough
1229	1222	Refrigerated Meals	Consumer Packaged Goods	Refrigerated	Refrigerated Meals
1230	1222	Refrigerated Meats	Consumer Packaged Goods	Refrigerated	Refrigerated Meats
1231	1222	Refrigerated Miscellaneous	Consumer Packaged Goods	Refrigerated	Refrigerated Miscellaneous
1232	1117	Religious Items	Consumer Packaged Goods	Religious Items	
1233	1117	Shaving	Consumer Packaged Goods	Shaving	
1234	1233	Blades	Consumer Packaged Goods	Shaving	Blades
1235	1233	Razors	Consumer Packaged Goods	Shaving	Razors
1236	1233	Shaving Cream	Consumer Packaged Goods	Shaving	Shaving Cream
1237	1117	Skin Care	Consumer Packaged Goods	Skin Care	
1238	1237	Hand & Body Lotion	Consumer Packaged Goods	Skin Care	Hand & Body Lotion
1239	1237	Skin Care	Consumer Packaged Goods	Skin Care	Skin Care
1240	1237	Suntan Products	Consumer Packaged Goods	Skin Care	Suntan Products
1241	1117	Toys and Games	Consumer Packaged Goods	Toys and Games	
1242	1241	Games	Consumer Packaged Goods	Toys and Games	Games
1243	1241	Outdoor Play Equipment	Consumer Packaged Goods	Toys and Games	Outdoor Play Equipment
1244	1241	Puzzles	Consumer Packaged Goods	Toys and Games	Puzzles
1245	1241	Toys	Consumer Packaged Goods	Toys and Games	Toys
1246	1117	Vitamins and Supplements	Consumer Packaged Goods	Vitamins and Supplements	
1247	1246	Digestive Supplements	Consumer Packaged Goods	Vitamins and Supplements	Digestive Supplements
1248	1246	Weightloss Supplements	Consumer Packaged Goods	Vitamins and Supplements	Weightloss Supplements
1249	1117	Water Treatment	Consumer Packaged Goods	Water Treatment	
1250	1249	Water Filter/Devices	Consumer Packaged Goods	Water Treatment	Water Filter/Devices
1251	1249	Water Softeners/Treatment	Consumer Packaged Goods	Water Treatment	Water Softeners/Treatment
1252		Durable Goods	Durable Goods		
1253	1252	Electronics/Photography	Durable Goods	Electronics/Photography	
1254	1253	Batteries	Durable Goods	Electronics/Photography	Batteries
1255	1253	Blank Audio/Video Media	Durable Goods	Electronics/Photography	Blank Audio/Video Media
1256	1253	Photography Supplies	Durable Goods	Electronics/Photography	Photography Supplies
1257	1252	Furniture	Durable Goods	Furniture	
1258	1257	Indoor Furniture	Durable Goods	Furniture	Indoor Furniture
1259	1257	Outdoor Furniture	Durable Goods	Furniture	Outdoor Furniture
1260	1252	Grooming Supplies	Durable Goods	Grooming Supplies	
1261	1252	Electric Shaver Groomer	Durable Goods	Grooming Supplies	Electric Shaver Groomer
1262	1260	Hair Appliances	Durable Goods	Grooming Supplies	Hair Appliances
1263	1252	Tools and Hardware	Durable Goods	Tools and Hardware	
1264	1262	Consumer Hardware Supplies 	Durable Goods	Tools and Hardware	Consumer Hardware Supplies 
1265	1262	Industrial Hardware Supplies	Durable Goods	Tools and Hardware	Industrial Hardware Supplies
1266	1252	Home and Garden Products	Durable Goods	Home and Garden Products	
1267	1266	Bathroom Accessories	Durable Goods	Home and Garden Products	Bathroom Accessories
1268	1266	Bedroom Furniture and Accessories	Durable Goods	Home and Garden Products	Bedroom Furniture and Accessories
1269	1266	Carpets and Rugs	Durable Goods	Home and Garden Products	Carpets and Rugs
1270	1266	Fireplaces	Durable Goods	Home and Garden Products	Fireplaces
1271	1266	Home Decor	Durable Goods	Home and Garden Products	Home Decor
1272	1266	Housewares	Durable Goods	Home and Garden Products	Housewares
1273	1266	Kitchen and Dining Products	Durable Goods	Home and Garden Products	Kitchen and Dining Products
1274	1266	Lawn and Garden Products	Durable Goods	Home and Garden Products	Lawn and Garden Products
1275	1266	Lighting	Durable Goods	Home and Garden Products	Lighting
1276	1266	Linens and Bedding	Durable Goods	Home and Garden Products	Linens and Bedding
1277	1266	Plants	Durable Goods	Home and Garden Products	Plants
1278	1252	Household Appliances	Durable Goods	Household Appliances	
1279	1252	Luggage and Bags	Durable Goods	Luggage and Bags	
1280		Dieting and Weightloss	Dieting and Weightloss		
1281	1280	Food Logging	Dieting and Weightloss	Food Logging 	
1282	1280	Weightloss Servies	Dieting and Weightloss	Weightloss Servies	
1283	1280	Workout and Step Tracking Applications	Dieting and Weightloss	Workout and Step Tracking Applications	
1284		Education and Careers	Education and Careers		
1285	1284	Adult Education	Education and Careers	Adult Education	
1286	1284	Certificaiton Programs	Education and Careers	Certificaiton Programs	
1287	1284	Colleges and Universities	Education and Careers	Colleges and Universities	
1288	1287	Post-Graduate Education	Education and Careers	Colleges and Universities	Post-Graduate Education
1289	1284	Education Applications	Education and Careers	Education Applications	
1290	1284	Employment Agencies	Education and Careers	Employment Agencies	
1291	1284	Higher Education	Education and Careers	Higher Education	
1292	1284	Language Learning	Education and Careers	Language Learning	
1293	1284	Online Education	Education and Careers	Online Education	
1294	1284	Primary Education	Education and Careers	Primary Education	
1295	1284	Remote work and school	Education and Careers	Remote work and school	
1296	1295	Distance learning	Education and Careers	Remote work and school	Distance learning
1297	1295	Homeschooling	Education and Careers	Remote work and school	Homeschooling
1298	1295	Telecommuting 	Education and Careers	Remote work and school	Telecommuting 
1299	1284	Study Skills	Education and Careers	Study Skills	
1300	1284	Teaching Resources	Education and Careers	Teaching Resources	
1301	1284	Trade Schools 	Education and Careers	Trade Schools	
1302		Events and Performances	Events and Performances		
1303	1302	Auctions	Events and Performances	Auctions	
1304	1302	Cinemas and Movie Events	Events and Performances	Cinemas and Movie Events	
1305	1302	Comedy Events	Events and Performances	Comedy Events	
1306	1302	Concerts	Events and Performances	Concerts	
1307	1302	Conferences, Lectures and Workshops	Events and Performances	Conferences, Lectures and Workshops	
1308	1302	Exhibitions	Events and Performances	Exhibitions	
1309	1302	Fan Conventions	Events and Performances	Fan Conventions	
1310	1302	Fashion Events	Events and Performances	Fashion Events	
1311	1302	Nightlife Experiences	Events and Performances	Nightlife Experiences	
1312	1302	Sporting Events	Events and Performances	Sporting Events	
1313	1302	Seasonal and Holiday Events	Events and Performances	Seasonal and Holiday Events	
1314	1302	Theatre and Musicals	Events and Performances	Theatre and Musicals	
1315		Family and Parenting	Family and Parenting		
1316	1315	Childcare	Family and Parenting	Childcare	
1317	1316	Day Care Centers	Family and Parenting	Childcare	Day Care Centers
1318	1316	Nanny Services	Family and Parenting	Childcare	Nanny Services
1319	1315	Genealogy and Family Trees	Family and Parenting	Genealogy and Family Trees	
1320	1315	Kids Activities	Family and Parenting	Kids Activities	
1321	1315	Senior Living	Family and Parenting	Senior Living	
1322		Finance and Insurance	Finance and Insurance		
1323	1322	Accountants and Bookkeepers	Finance and Insurance	Accountants and Bookkeepers	
1324	1322	Banking	Finance and Insurance	Banking	
1325	1322	Credit and Debt Repair/Credit Reporting	Finance and Insurance	Credit and Debt Repair/Credit Reporting	
1326	1322	Credit Cards	Finance and Insurance	Credit Cards	
1327	1322	Insurance	Finance and Insurance	Insurance	
1328	1327	Auto Insurance	Finance and Insurance	Insurance	Auto Insurance
1329	1327	Home Insurance	Finance and Insurance	Insurance	Home Insurance
1330	1327	Life Insurance	Finance and Insurance	Insurance	Life Insurance
1331	1327	Medical Insurance	Finance and Insurance	Insurance	Medical Insurance
1332	1327	Pet Insurance	Finance and Insurance	Insurance	Pet Insurance
1333	1327	Travel Insurance	Finance and Insurance	Insurance	Travel Insurance
1334	1327	Insurance Coverage Apps	Finance and Insurance	Insurance Coverage Apps	
1335	1322	Mortgage Lenders and Brokers	Finance and Insurance	Mortgage Lenders and Brokers	
1336	1322	Payday and Emergency Loans	Finance and Insurance	Payday and Emergency Loans	
1337	1322	Retirement Planning	Finance and Insurance	Retirement Planning	
1338	1322	Stocks and Investments	Finance and Insurance	Stocks and Investments	
1339	1322	Financial Investment and Management Applications	Finance and Insurance	Financial Investment and Management Applications	
1340	1322	Student Financial Aid	Finance and Insurance	Student Financial Aid	
1341	1322	Tax Preparation Services	Finance and Insurance	Tax Preparation Services	
1342		Food and Beverage Services	Food and Beverage Services		
1343	1342	Bakeries	Food and Beverage Services	Bakeries	
1344	1342	Catering	Food and Beverage Services	Catering	
1345	1342	Fast Food	Food and Beverage Services	Fast Food	
1346	1342	Food Delivery Services	Food and Beverage Services	Food Delivery Services	
1347	1342	Restaurants	Food and Beverage Services	Restaurants	
1348		Gambling	Gambling		
1349	1348	Casinos	Gambling	Casinos	
1350	1348	Lottery	Gambling	Lottery	
1351	1348	Sports Betting	Gambling	Sports Betting	
1352		Green/Eco	Green/Eco		
1353	1353	Green/Eco Products	Green/Eco	Green/Eco Products	
1354	1353	Green/Eco Services	Green/Eco	Green/Eco Services	
1355		Gifts and Holiday Items	Gifts and Holiday Items		
1356	1355	Flowers	Gifts and Holiday Items	Flowers	
1357	1355	Gift Baskets	Gifts and Holiday Items	Gift Baskets	
1358	1355	Gift Cards and Coupons	Gifts and Holiday Items	Gift Cards and Coupons	
1359	1355	Gift Certificates	Gifts and Holiday Items	Gift Certificates	
1360	1355	Greeting Cards	Gifts and Holiday Items	Greeting Cards	
1361	1355	Party Goods	Gifts and Holiday Items	Party Goods	
1362		Health and Medical Services	Health and Medical Services		
1363	1362	Alternative and Natural Medicine	Health and Medical Services	Alternative and Natural Medicine	
1364	1362	Assisted Living	Health and Medical Services	Assisted Living	
1365	1362	Chiropractors	Health and Medical Services	Chiropractors	
1366	1362	Clinical Research	Health and Medical Services	Clinical Research	
1367	1362	Cosmetic Medical Services	Health and Medical Services	Cosmetic Medical Services	
1368	1362	Dental Care	Health and Medical Services	Dental Care	
1369	1362	Dermatology	Health and Medical Services	Dermatology	
1370	1362	Drugstores and Pharmacies	Health and Medical Services	Drugstores and Pharmacies	
1371	1362	Fertility and Family Planning	Health and Medical Services	Fertility and Family Planning	
1372	1362	General Practitioners	Health and Medical Services	General Practitioners	
1373	1362	Home Healthcare	Health and Medical Services	Home Healthcare	
1374	1362	Hospitals	Health and Medical Services	Hospitals	
1375	1362	Mental Health	Health and Medical Services	Mental Health	
1376	1362	Physical Therapists	Health and Medical Services	Physical Therapists	
1377	1362	Service Provider Search and Scheduling	Health and Medical Services	Service Provider Search and Scheduling	
1378	1362	Symptom Monitoring Apps	Health and Medical Services	Symptom Monitoring Apps	
1379	1362	Vision Care	Health and Medical Services	Vision Care	
1380		Home and Garden Services	Home and Garden Services		
1381	1380	Appliance Repair	Home and Garden Services	Appliance Repair	
1382	1380	Business and Home Security Services	Home and Garden Services	Business and Home Security Services	
1383	1380	Carpeting and Flooring Services	Home and Garden Services	Carpeting and Flooring Services	
1384	1380	Do It Yourself Applications	Home and Garden Services	Do It Yourself Applications	
1385	1380	Emergency Preparedness	Home and Garden Services	Emergency Preparedness	
1386	1380	Flood, Fire and Gas Safety	Home and Garden Services	Flood, Fire and Gas Safety	
1387	1380	Gas and Electric Services	Home and Garden Services	Gas and Electric Services	
1388	1380	Home Improvement and Repair	Home and Garden Services	Home Improvement and Repair	
1389	1380	Home Security and Monitoring Applications	Home and Garden Services	Home Security and Monitoring Applications	
1390	1380	Home Service Provider Review	Home and Garden Services	Home Service Provider Review	
1391	1380	Housekeeping Services	Home and Garden Services	Housekeeping Services	
1392	1380	Landscaping Services	Home and Garden Services	Landscaping Services	
1393	1380	Lawn and Garden Services	Home and Garden Services	Lawn and Garden Services	
1394	1380	Pest Exterminators	Home and Garden Services	Pest Exterminators	
1395	1380	Plumbers	Home and Garden Services	Plumbers	
1396	1380	Pool and Spa Installation and Maintenance	Home and Garden Services	Pool and Spa Installation and Maintenance	
1397	1380	Remodeling and Construction	Home and Garden Services	Remodeling and Construction	
1398	1380	Water Services	Home and Garden Services	Water Services	
1399	1380	Window Installation and Treatments	Home and Garden Services	Window Installation and Treatments	
1400		Legal Services	Legal Services		
1401	1400	Lawyers	Legal Services	Lawyers	
1402	1400	Bail Bonds	Legal Services	Bail Bonds	
1403		Media	Media		
1404	1403	Blogs/Forums/Social Networks	Media	Blogs/Forums/Social Networks	
1405	1403	Book Reading and Review Applications	Media	Book Reading and Review Applications	
1406	1403	Books and Audio Books	Media	Books and Audio Books	
1407	1403	Casual Games	Media	Casual Games	
1408	1407	Casual Games Apps	Media	Casual Games	Casual Games Apps
1409	1403	Core Gaming	Media	Core Gaming	
1410	1407	Core Gaming Apps	Media	Core Gaming	Core Gaming Apps
1411	1403	CDs and Vinyl Records	Media	CDs and Vinyl Records	
1412	1403	DVDs	Media	DVDs	
1413	1403	Live Television	Media	Live Television	
1414	1403	Magazines and Newspapers	Media	Magazines and Newspapers	
1415	1403	Music and Video Streaming Services	Media	Music and Video Streaming Services	
1416	1403	News and Analysis 	Media	News and Analysis 	
1417	1403	Radio and Podcasts	Media	Radio and Podcasts	
1418	1403	Sports	Media	Sports	
1419	1418	Fantasy Sports	Media	Sports	Fantasy Sports
1420	1418	Sports Highlights	Media	Sports	Sports Highlights
1421	1418	Team  News and Analysis	Media	Sports	Team News and Analysis
1422	1403	Utilities Apps	Media	Utilities Apps	
1423	1422	Productivity Apps	Media	Utilities Apps	Productivity Apps
1424	1422	Reference Apps	Media	Utilities Apps	Reference Apps
1425	1422	Search Engine Apps	Media	Utilities Apps	Search Engine Apps
1426	1422	Weather Apps	Media	Utilities Apps	Weather Apps
1427		Metals	Metals		
1428	1427	Coin Trade In	Metals	Coin Trade In	
1429	1427	Gold Trade In	Metals	Gold Trade In	
1430	1427	Platinum Trade In	Metals	Platinum Trade In	
1431	1427	Silver Trade In	Metals	Silver Trade In	
1432		Non-Fiat Currency	Non-Fiat Currency		
1433	1432	Cryptocurrency Exchanges	Non-Fiat Currency	Cryptocurrency Exchanges	
1434	1432	Cryptocurrency Stock	Non-Fiat Currency	Cryptocurrency Stock	
1435	1432	NFTs	Non-Fiat Currency	NFTs	
1436		Non-Profits	Non-Profits		
1437	1436	Charities and Donations	Non-Profits	Charities and Donations	
1438	1436	Civic Organizations	Non-Profits	Civic Organizations	
1439	1436	Federations and Professional Associations	Non-Profits	Federations and Professional Associations	
1440	1436	Military Organizations	Non-Profits	Military Organizations	
1441	1436	Non-Governmental Organizations	Non-Profits	Non-Governmental Organizations	
1442	1436	Public Service Announcements	Non-Profits	Public Service Announcements	
1443	1436	Scholarships	Non-Profits	Scholarships	
1444		Pet Ownership	Pet Ownership		
1445	1444	Pet Adoption	Pet Ownership	Pet Adoption	
1446	1444	Pet Breeders	Pet Ownership	Pet Breeders	
1447	1444	Pet Care and Supply Applications	Pet Ownership	Pet Care and Supply Applications	
1448	1444	Pet Grooming	Pet Ownership	Pet Grooming	
1449	1444	Pet Sitting	Pet Ownership	Pet Sitting	
1450	1444	Veterinary Services	Pet Ownership	Veterinary Services	
1451		Personal/Consumer Telcom	Personal/Consumer Telecom		
1452	1451	Home Internet Services	Personal/Consumer Telecom	Home Internet Services	
1453	1451	Home Phone Services	Personal/Consumer Telecom	Home Phone Services	
1454	1451	Home Television Services	Personal/Consumer Telecom	Home Television Services	
1455	1451	Mobile Phone Plans	Personal/Consumer Telecom	Mobile Phone Plans	
1456	1451	Prepaid International Phone Services	Personal/Consumer Telecom	Prepaid International Phone Services	
1457		Pharmaceuticals	Pharmaceuticals		
1458		Politics	Politics		
1459	1458	Ballot measures	Politics	Ballot measures	
1460	1458	Elections	Politics	Elections	
1461	1458	Political Action Committees	Politics	Political Action Committees	
1462	1458	Political Analysis and Opinion	Politics	Political Analysis and Opinion	
1463	1458	Political candidates	Politics	Political candidates	
1464	1458	Political Donations	Politics	Political Donations	
1465	1458	Referendums or promoting causes; eg: Healthcare reform, energy trades (Oil/Solar), etc...	Politics	Referendums or promoting causes; eg: Healthcare reform, energy trades (Oil/Solar), etc...	
1466		Real Estate	Real Estate		
1467	1466	Commercial Real Estate	Real Estate	Commercial Real Estate	
1468	1466	Real Estate Rentals	Real Estate	Real Estate Rentals	
1469	1466	Real Estate Sales	Real Estate	Real Estate Sales	
1470	1466	Real Estate Services For Owners	Real Estate	Real Estate Services For Owners	
1471		Religion & Spirituality	Religion & Spirituality		
1472	1471	Prayer and Mindfullness Applications	Religion & Spirituality	Prayer and Mindfullness Applications	
1473	1471	Prayer and worship services	Religion & Spirituality	Prayer and Worship Services	
1474	1471	Religious causes	Religion & Spirituality	Religious Causes	
1475	1471	Religious charities	Religion & Spirituality	Religious Charities	
1476	1471	Religious organizaitions	Religion & Spirituality	Religious Organizaitions	
1477		Retail	Retail		
1478	1477	Arts and Crafts Supplies	Retail	Arts and Crafts Supplies	
1479	1477	Cell Phone Stores	Retail	Cell Phone Stores	
1480	1477	Clothing Stores	Retail	Clothing Stores	
1481	1477	Department Stores	Retail	Department Stores	
1482	1477	eCommerce	Retail	eCommerce	
1483	1477	Factory Outlet Stores	Retail	Factory Outlet Stores	
1484	1477	Grocery Stores and Supermarkets	Retail	Grocery Stores and Supermarkets	
1485	1477	Hardware Stores	Retail	Hardware Stores	
1486	1477	Musical Instruments and Record Stores	Retail	Musical Instruments and Record Stores	
1487	1477	Pawn Shops	Retail	Pawn Shops	
1488	1477	Pet and Pet Supply Stores	Retail	Pet and Pet Supply Stores	
1489	1477	Shopping Malls	Retail	Shopping Malls	
1490	1477	Specialty Stores	Retail	Specialty Stores	
1491	1477	Sporting Goods Stores	Retail	Sporting Goods Stores	
1492	1477	Ticket Services	Retail	Ticket Services	
1493		Fitness Activities	Fitness Activities		
1494	1493	Dance Studios	Fitness Activities	Dance Studios	
1495	1493	Gyms and Health Clubs	Fitness Activities	Gyms and Health Clubs	
1496	1493	Participant Sports Leagues	Fitness Activities	Participant Sports Leagues	
1497	1493	Personal Trainers	Fitness Activities	Personal Trainers	
1498	1493	Self Defense and Martial Arts Classes	Fitness Activities	Self Defense and Martial Arts Classes	
1499	1493	Swimming Facilities	Fitness Activities	Swimming Facilities	
1500	1493	Workout and Step Tracking Applications	Fitness Activities	Workout and Step Tracking Applications	
1501	1493	Yoga Studios	Fitness Activities	Yoga Studios	
1502		Sexual Health	Sexual Health		
1503	1502	Contraceptives	Sexual Health	Contraceptives	
1504	1502	Doctor Perscribed Medicines 	Sexual Health	Doctor Perscribed Medicines 	
1505	1502	Fertility Tracking Applications	Sexual Health	Fertility Tracking Applications	
1506	1502	Non-perscribed Performance Enhancers	Sexual Health	Non-Perscribed Performance Enhancers	
1507		Sporting Goods	Sporting Goods		
1508	1507	Athletics Equipment	Sporting Goods	Athletics Equipment	
1509	1507	Exercise and Fitness Equipment	Sporting Goods	Exercise and Fitness Equipment	
1510	1507	Indoor Games Equipment	Sporting Goods	Indoor Games Equipment	
1511	1507	Outdoor Recreation Equipment	Sporting Goods	Outdoor Recreation Equipment	
1512		Travel and Tourism	Travel and Tourism		
1513	1512	Accomodations	Travel and Tourism	Accomodations	
1514	1513	Bed and Breakfasts	Travel and Tourism	Accomodations	Bed and Breakfasts
1515	1513	Camping and Camp Grounds	Travel and Tourism	Accomodations	Camping and Camp Grounds
1516	1513	Hotels and Resorts	Travel and Tourism	Accomodations	Hotels and Resorts
1517	1513	Motels	Travel and Tourism	Accomodations	Motels
1518	1513	Timeshares	Travel and Tourism	Accomodations	Timeshares
1519	1513	Vacation Rentals	Travel and Tourism	Accomodations	Vacation Rentals
1520	1512	Air Travel	Travel and Tourism	Air Travel	
1521	1512	Cruises	Travel and Tourism	Cruises	
1522	1512	Rail Travel	Travel and Tourism	Rail Travel	
1523	1512	Sightseeing Tours and Activities	Travel and Tourism	Sightseeing Tours and Activities	
1524	1512	Travel Agents and Online Travel Services	Travel and Tourism	Travel Agents and Online Travel Services	
1525	1512	Travel Packages	Travel and Tourism	Travel Packages	
1526	1512	Travel Planning and Itinerary Management Applications	Travel and Tourism	Travel Planning and Itinerary Management Applications	
1527		Tobacco	Tobacco		
1528	1527	Cigars	Tobacco	Cigars	
1529	1527	Smokeless Tobacco	Tobacco	Smokeless Tobacco	
1530	1527	Vaping	Tobacco	Vaping	
1531	1527	Vaping Cartridges	Tobacco	Vaping Cartridges	
1532	1527	Vaporizors	Tobacco	Vaporizors	
1533		Vehicles	Vehicles		
1534	1533	Automotive Leasing	Vehicles	Automotive Leasing	
1535	1533	Automotive Ownership	Vehicles	Automotive Ownership	
1536	1535	New vehicle Ownership	Vehicles	Automotive Ownership	New Vehicle Ownership
1537	1535	Pre-owned Automotive Ownership	Vehicles	Automotive Ownership	Pre-owned Automotive Ownership
1538	1533	Automotive Products	Vehicles	Automotive Products	
1539	1538	Automotive Care Products	Vehicles	Automotive Products	Automotive Care Products
1540	1538	Automotive Parts and Accessories	Vehicles	Automotive Products	Automotive Parts and Accessories
1541	1538	Aftermarket Parts and Accessories	Vehicles	Automotive Products	Aftermarket Parts and Accessories
1542	1533	Automotive Services	Vehicles	Automotive Services	
1543	1542	Auto Towing	Vehicles	Automotive Services	Auto Towing
1544	1542	Auto Repair	Vehicles	Automotive Services	Auto Repair
1545	1542	Car Wash	Vehicles	Automotive Services	Car Wash
1546	1533	Automotive Sales Applications	Vehicles	Automotive Sales Applications	
1547	1533	Ride-sharing Services	Vehicles	Ride-sharing Services	
1548	1533	Taxi Services	Vehicles	Taxi Services	
1549	1533	Vehicle Rental	Vehicles	Vehicle Rental	
1550	1533	Vehicle Type	Vehicles	Vehicle Type	
1551	1550	Boats	Vehicles	Vehicle Type	Boats
1552	1550	Diesel Vehicles	Vehicles	Vehicle Type	Diesel Vehicles
1553	1550	Electric Vehicles	Vehicles	Vehicle Type	Electric Vehicles
1554	1550	Gas Vehicles	Vehicles	Vehicle Type	Gas Vehicles
1555	1550	Hybrid Vehicles	Vehicles	Vehicle Type	Hybrid Vehicles
1556	1550	Recreational Vehicles	Vehicles	Vehicle Type	Recreational Vehicles
1557	1550	Scooters, Motorbikes, and E-bikes	Vehicles	Vehicle Type	Scooters, Motorbikes, and E-bikes
1558		Weapons & Ammunition	Weapons and Ammunition		
1559	1558	Ammunition	Weapons and Ammunition	Ammunition	
1560	1558	Guns	Weapons and Ammunition	Guns	
1561	1558	Gun Accessories	Weapons and Ammunition	Gun Accessories	
1562	1558	Gun Shows and Auctions	Weapons and Ammunition	Gun Shows and Auctions	
1563	1558	Non-Projectile Weapons	Weapons and Ammunition	Non-Projectile Weapons	
1564	1558	Taser and Stun Guns	Weapons and Ammunition	Taser and Stun Guns	
